scenario	page	skin	requested_window	app_pid	window_id	width	height	bytes	sha256	status
overview-light	overview	light	1180x780	21487	2	1180	780	98563	4c406123b50e3c2efa528ce8371046c3cf22af127cb8f7946346098ccf9261f1	ok
overview-dark	overview	dark	1180x780	21700	3	1180	780	109203	ba90fc17dc0ce92c4cd8d784ab710748b940acdd17f9d12aa7bac1439c161d9c	ok
overview-forest	overview	forest	1180x780	21937	4	1180	780	102122	4cb979a79c470aa5c90b543684152fac38f04da31a049c468144803faa6811a2	ok
proxies-light	proxies	light	1180x780	22142	5	1180	780	110813	fb69f3124fbc2730f2fd34ed883770b6345ee36b0e3b4a259100bc5ec0df1d00	ok
proxies-dark	proxies	dark	1180x780	22349	6	1180	780	124516	34ca6209d45bce47aa82f013688d0825fe74b3b8335ea2b0ad31a0d3311401aa	ok
proxies-forest	proxies	forest	1180x780	22557	7	1180	780	115170	0c5ece40054f2a9faae9cd085a33e0a83f3a4dc5df41106bc2aae88d9386896d	ok
runtime-light	runtime	light	1180x780	22803	8	1180	780	109705	54c05554907c1600baa157ad07158bec651852fb9e1eddfe62530812b4eafb3c	ok
runtime-dark	runtime	dark	1180x780	23050	9	1180	780	123085	420d2c01369a00ebd075b057613169b16b4e85562cc241f067a63b10dc3ffcb9	ok
runtime-forest	runtime	forest	1180x780	23260	10	1180	780	114115	b749d47637cbafb7d0c8385dc9d59c4476e6f71dabe01a6fa12fcdaee36ee3e1	ok
rules-light	rules	light	1180x780	23470	11	1180	780	93406	6a60cb3e0608206d84edba69f190ce4ca2606a03ebcdd211f3a8f5dabaf7cf95	ok
rules-dark	rules	dark	1180x780	23677	12	1180	780	105285	db114c8330eee37f0134b01ec856752619e6d62946368f9946d1eba6ef21dbc5	ok
rules-forest	rules	forest	1180x780	23931	13	1180	780	96510	e5b75e70646647a705d84e839a179f1ef5fa782ea6ec975c717219909d8a8456	ok
dns-light	dns	light	1180x780	24148	14	1180	780	111900	73eb3d930236530483f8904b34b226b958d4d7b62dbb9199f44244344915ec31	ok
dns-dark	dns	dark	1180x780	24353	15	1180	780	126340	8493607bfd0ee7d864495068e2971eca462ca6a756fb7cafe2266ad1ff1b950b	ok
dns-forest	dns	forest	1180x780	24566	16	1180	780	115847	2952f10b7a78700c68e45b6f9f6120d0716442b2b55129e22292c663f01ff8dc	ok
profiles-light	profiles	light	1180x780	24787	17	1180	780	98719	6cf8f41b917af336824783d3378e2a0ecf31c5ef69ce8414f8c882eb8b33a418	ok
profiles-dark	profiles	dark	1180x780	25053	18	1180	780	111641	857bba3efb80be24798366a6e3669b24f1fcf8a5ebca78910e8e5b600ffca661	ok
profiles-forest	profiles	forest	1180x780	25276	19	1180	780	103190	39ef86ab4db9b1466e9d0b8e5a8eed003d7bb188b0c89aa471bed57e4d52f57c	ok
sync-light	sync	light	1180x780	25497	20	1180	780	102832	f5edaf50646a8e1ad29eeff58c3892e82f4152cba42950fc9dd9d4b7200909e4	ok
sync-dark	sync	dark	1180x780	25708	21	1180	780	115933	dd55d5e81135167e9136a59a2b52f1cd5dd6d9b28217be43492f908e03b6e1b3	ok
sync-forest	sync	forest	1180x780	25917	22	1180	780	106009	cb0c60b19c190f47ad94ca30b9ee65fe92f2b66eda3b83fd133587f49b706bb6	ok
editor-light	editor	light	1180x780	26134	23	1180	780	129739	45f244ce1a4b4edf34fdb5cbb6468a6787c5f8dc24e0ddaf79312d80eacf3642	ok
editor-dark	editor	dark	1180x780	26352	24	1180	780	152936	581d5c51ea55ec7340b7b229c0483014c507fdf5e6d59c110235baca489ab078	ok
editor-forest	editor	forest	1180x780	26597	25	1180	780	138986	f75aecea76172a85404e8815f8f05ebe5656d70c25ae218c8a1284761e334bdd	ok
mixin-light	mixin	light	1180x780	26830	26	1180	780	180285	32bf471dd8fd0cac3a7a6aa5cc323c4b5439cd4a1fc71aa0e3164f75cc121158	ok
mixin-dark	mixin	dark	1180x780	27065	27	1180	780	205524	85df1bc840c6b860f14dbe1bb1d6ec522d1172f810853e161698286f828b04a5	ok
mixin-forest	mixin	forest	1180x780	27283	28	1180	780	191227	3e5b54fda69fa016286da25e18abb49961ffb027409fb8c6f2df077659f466b3	ok
filter-light	filter	light	1180x780	27525	29	1180	780	100119	20d3452260183c1fc05c139a6f2c14ec077eb14fd98012fdfbd5973fe475a0bb	ok
filter-dark	filter	dark	1180x780	27734	30	1180	780	116079	0e9767144dbf5c9cc57831fcf15848129683f4e27607f992208f32d82d527abc	ok
filter-forest	filter	forest	1180x780	27922	31	1180	780	104233	f4f75a8a9d3a5ce51e3a9d78409502567dc1b65b45e3de4a12f3b5dedce8d08a	ok
settings-light	settings	light	1180x780	28098	32	1180	780	107131	f10f41645a2c2e3ab880083603ac87814ecdc778478f4904752efbb585bc139a	ok
settings-dark	settings	dark	1180x780	28278	33	1180	780	120367	95880745aad5ef369f7a89bcb3bb7aeb320be36422ae72a81fc20ea6e6543365	ok
settings-forest	settings	forest	1180x780	28456	34	1180	780	110667	551fd6431d0698d8f8cf754af579e9145b2b412d0e5356425c5656aaef7612b7	ok
app-routing-light	app_routing	light	1180x780	28634	35	1180	780	87972	fd723248afb7ab3bbe1ed620f060dca7015b8d14dab28496be8c14ab290bd870	ok
app-routing-dark	app_routing	dark	1180x780	28809	36	1180	780	99634	a511103eed6490999449197531408bc54546d1f661cdc0ba69d78d362120209f	ok
app-routing-forest	app_routing	forest	1180x780	29011	37	1180	780	91156	c10d6d65ea1f0ac4a36edb07338eefdde028f4b432dbc100f0edaa5d7e037ee8	ok
doctor-light	doctor	light	1180x780	29185	38	1180	780	83269	9a530f5183835238a9b860723cf6f3c7aedc2263b09aa62adb96ffb571ed45ab	ok
doctor-dark	doctor	dark	1180x780	29394	39	1180	780	92838	98f1c9d7f3afbc66e8a3dfcb5fa3f531fb70c4c6e41f6fd82750ad96141d92b9	ok
doctor-forest	doctor	forest	1180x780	29568	40	1180	780	86366	53f2a4974c28b5891b83e157fe6137159357e70a3c6df4da9e9b26f062d736df	ok
