feature_id	surface	status	reason	standard_scenario	compact_scenario
lifecycle-recovery-panel	iced	implemented	Shared diagnostic report owner, native failure recovery state machine and repair retry	lifecycle-recovery-panel-standard	lifecycle-recovery-panel-compact
lifecycle-recovery-panel	bevy	implemented	Shared diagnostic report owner, native failure recovery state machine and repair retry	lifecycle-recovery-panel-standard	lifecycle-recovery-panel-compact
core-version-rollback-confirm	iced	implemented	Shared core rollback intent, two-step confirmation dialog and failure recovery	core-version-rollback-confirm-standard	core-version-rollback-confirm-compact
core-version-rollback-confirm	bevy	implemented	Shared core rollback intent, two-step confirmation dialog and failure recovery	core-version-rollback-confirm-standard	core-version-rollback-confirm-compact
settings-permission-panel	iced	implemented	Shared host privilege adapter, elevation guidance and typed unsupported status	settings-permission-panel-standard	settings-permission-panel-compact
settings-permission-panel	bevy	implemented	Shared host privilege adapter, elevation guidance and typed unsupported status	settings-permission-panel-standard	settings-permission-panel-compact
settings-port-conflict-repair	iced	implemented	Shared port conflict inspection, safe process ownership resolution and repair rebind	settings-port-conflict-repair-standard	settings-port-conflict-repair-compact
settings-port-conflict-repair	bevy	implemented	Shared port conflict inspection, safe process ownership resolution and repair rebind	settings-port-conflict-repair-standard	settings-port-conflict-repair-compact
settings-tun-permission	iced	implemented	Shared TUN mode capability contract, platform permission elevation flow and recovery	settings-tun-permission-standard	settings-tun-permission-compact
settings-tun-permission	bevy	implemented	Shared TUN mode capability contract, platform permission elevation flow and recovery	settings-tun-permission-standard	settings-tun-permission-compact
settings-lan-security	iced	implemented	Shared LAN ACL and basic authentication policy, native input draft and readback	settings-lan-security-standard	settings-lan-security-compact
settings-lan-security	bevy	implemented	Shared LAN ACL and basic authentication policy, native input draft and readback	settings-lan-security-standard	settings-lan-security-compact
overview-topology-drilldown	iced	implemented	Shared traffic topology stages, flow indicators and stage navigation drilldown	overview-topology-drilldown-standard	overview-topology-drilldown-compact
overview-topology-drilldown	bevy	implemented	Shared traffic topology stages, flow indicators and stage navigation drilldown	overview-topology-drilldown-standard	overview-topology-drilldown-compact
overview-reconnect-mask	iced	implemented	Shared core reload mask state, transient state degradation and watchdog reconnection	overview-reconnect-mask-standard	overview-reconnect-mask-compact
overview-reconnect-mask	bevy	implemented	Shared core reload mask state, transient state degradation and watchdog reconnection	overview-reconnect-mask-standard	overview-reconnect-mask-compact
overview-card-reorder	iced	implemented	Shared overview card order preferences, reorder intents and responsive layout sync	overview-card-reorder-standard	overview-card-reorder-compact
overview-card-reorder	bevy	implemented	Shared overview card order preferences, reorder intents and responsive layout sync	overview-card-reorder-standard	overview-card-reorder-compact
proxies-search-highlight	iced	implemented	Native editing, shared query and highlight fold, serial execution, clear and failure recovery; fresh L3 required per build	proxies-search-highlight-standard	proxies-search-highlight-compact
proxies-search-highlight	bevy	implemented	Native editing, shared query and highlight fold, serial execution, clear and failure recovery; fresh L3 required per build	proxies-search-highlight-standard	proxies-search-highlight-compact
proxies-group-expanded	iced	implemented	Native stable-identity fold transitions; fresh L3 receipts required per build	proxies-group-expanded-standard	proxies-group-expanded-compact
proxies-group-expanded	bevy	implemented	Shared preference commands and native fold transitions; fresh L3 receipts required per build	proxies-group-expanded-standard	proxies-group-expanded-compact
proxies-node-detail-drawer	iced	implemented	Shared observed inspection, native independent controls and tracked probe recovery; fresh L3 required per build	proxies-node-detail-drawer-standard	proxies-node-detail-drawer-compact
proxies-node-detail-drawer	bevy	implemented	Shared observed inspection, native independent controls and tracked probe recovery; fresh L3 required per build	proxies-node-detail-drawer-standard	proxies-node-detail-drawer-compact
proxies-custom-node-modal	iced	implemented	Full native protocol form and correlated terminal feedback implemented; fresh L3 receipts required per build	proxies-custom-node-modal-standard	proxies-custom-node-modal-compact
proxies-custom-node-modal	bevy	implemented	Full native protocol form and correlated terminal feedback implemented; fresh L3 receipts required per build	proxies-custom-node-modal-standard	proxies-custom-node-modal-compact
proxies-uri-import-preview	iced	implemented	Full native protocol form and correlated terminal feedback implemented; fresh L3 receipts required per build	proxies-uri-import-preview-standard	proxies-uri-import-preview-compact
proxies-uri-import-preview	bevy	implemented	Full native protocol form and correlated terminal feedback implemented; fresh L3 receipts required per build	proxies-uri-import-preview-standard	proxies-uri-import-preview-compact
proxies-group-reorder	iced	implemented	Native full-order draft, correlated command, cancel without effects and failure recovery; fresh L1/L2/L3 acceptance required	proxies-group-reorder-standard	proxies-group-reorder-compact
proxies-group-reorder	bevy	implemented	Native full-order draft, correlated command, cancel without effects and failure recovery; fresh L1/L2/L3 acceptance required	proxies-group-reorder-standard	proxies-group-reorder-compact
speedtest-progress-cancel	iced	implemented	Shared concurrent speedtest execution engine, progress feedback and graceful cancellation	speedtest-progress-cancel-standard	speedtest-progress-cancel-compact
speedtest-progress-cancel	bevy	implemented	Shared concurrent speedtest execution engine, progress feedback and graceful cancellation	speedtest-progress-cancel-standard	speedtest-progress-cancel-compact
speedtest-details-modal	iced	implemented	Shared facts and production lifecycle verified; fresh L3 receipts required per build	speedtest-details-modal-standard	speedtest-details-modal-compact
speedtest-details-modal	bevy	implemented	Shared facts and production lifecycle verified; fresh L3 receipts required per build	speedtest-details-modal-standard	speedtest-details-modal-compact
speedtest-history-comparison	iced	implemented	Shared speedtest history records, multi-run comparison view and empty state handling	speedtest-history-comparison-standard	speedtest-history-comparison-compact
speedtest-history-comparison	bevy	implemented	Shared speedtest history records, multi-run comparison view and empty state handling	speedtest-history-comparison-standard	speedtest-history-comparison-compact
speedtest-config-form	iced	implemented	Shared speedtest concurrency and custom URL configuration, form validation and bounds	speedtest-config-form-standard	speedtest-config-form-compact
speedtest-config-form	bevy	implemented	Shared speedtest concurrency and custom URL configuration, form validation and bounds	speedtest-config-form-standard	speedtest-config-form-compact
profiles-import-modal	iced	implemented	Shared profile import validation, format detection, URL fetch and local file import	profiles-import-modal-standard	profiles-import-modal-compact
profiles-import-modal	bevy	implemented	Shared profile import validation, format detection, URL fetch and local file import	profiles-import-modal-standard	profiles-import-modal-compact
profiles-delete-confirm	iced	implemented	Shared profile deletion safety check, confirmation modal, cancellation and sidecar cleanup	profiles-delete-confirm-standard	profiles-delete-confirm-compact
profiles-delete-confirm	bevy	implemented	Shared profile deletion safety check, confirmation modal, cancellation and sidecar cleanup	profiles-delete-confirm-standard	profiles-delete-confirm-compact
profiles-subscription-error	iced	implemented	Shared subscription refresh error diagnostics, status projection and single-flight retry	profiles-subscription-error-standard	profiles-subscription-error-compact
profiles-subscription-error	bevy	implemented	Shared subscription refresh error diagnostics, status projection and single-flight retry	profiles-subscription-error-standard	profiles-subscription-error-compact
profiles-filter-editor	iced	implemented	Complete source-bound filter form and native transaction behavior; fresh pixel receipts determine closure	profiles-filter-editor-standard	profiles-filter-editor-compact
profiles-filter-editor	bevy	implemented	Complete source-bound filter form and native transaction behavior; fresh pixel receipts determine closure	profiles-filter-editor-standard	profiles-filter-editor-compact
profiles-aggregator-wizard	iced	implemented	Shared profile aggregation wizard, source selection, precheck validation and plan generation	profiles-aggregator-wizard-standard	profiles-aggregator-wizard-compact
profiles-aggregator-wizard	bevy	implemented	Shared profile aggregation wizard, source selection, precheck validation and plan generation	profiles-aggregator-wizard-standard	profiles-aggregator-wizard-compact
profiles-aggregator-preview	iced	implemented	Shared aggregation preview projection, generated rule verification and save flow	profiles-aggregator-preview-standard	profiles-aggregator-preview-compact
profiles-aggregator-preview	bevy	implemented	Shared aggregation preview projection, generated rule verification and save flow	profiles-aggregator-preview-standard	profiles-aggregator-preview-compact
profiles-diff-viewer	iced	implemented	Shared AST YAML diff projection, side-by-side change viewer, line navigation and inspection	profiles-diff-viewer-standard	profiles-diff-viewer-compact
profiles-diff-viewer	bevy	implemented	Shared AST YAML diff projection, side-by-side change viewer, line navigation and inspection	profiles-diff-viewer-standard	profiles-diff-viewer-compact
profiles-snapshot-restore-confirm	iced	implemented	Actual shared restore transaction and native review branches; current pixels required	profiles-snapshot-restore-confirm-standard	profiles-snapshot-restore-confirm-compact
profiles-snapshot-restore-confirm	bevy	implemented	Actual shared restore transaction and native review branches; current pixels required	profiles-snapshot-restore-confirm-standard	profiles-snapshot-restore-confirm-compact
editor-yaml-error-navigation	iced	implemented	Shared YAML syntax validator, preflight diagnostics, line number tracking and error jumps	editor-yaml-error-navigation-standard	editor-yaml-error-navigation-compact
editor-yaml-error-navigation	bevy	implemented	Shared YAML syntax validator, preflight diagnostics, line number tracking and error jumps	editor-yaml-error-navigation-standard	editor-yaml-error-navigation-compact
editor-snippet-insertion	iced	implemented	Shared YAML snippet catalogue, cursor-aware insertion and syntax integrity preservation	editor-snippet-insertion-standard	editor-snippet-insertion-compact
editor-snippet-insertion	bevy	implemented	Shared YAML snippet catalogue, cursor-aware insertion and syntax integrity preservation	editor-snippet-insertion-standard	editor-snippet-insertion-compact
editor-large-document-window	iced	implemented	Shared large document window arithmetic, bounded virtual line rendering and scroll sync	editor-large-document-window-standard	editor-large-document-window-compact
editor-large-document-window	bevy	implemented	Shared large document window arithmetic, bounded virtual line rendering and scroll sync	editor-large-document-window-standard	editor-large-document-window-compact
rules-search-highlight	iced	implemented	Shared rule search filter, regex and payload matching, row highlighting and empty state	rules-search-highlight-standard	rules-search-highlight-compact
rules-search-highlight	bevy	implemented	Shared rule search filter, regex and payload matching, row highlighting and empty state	rules-search-highlight-standard	rules-search-highlight-compact
rules-tracer-drawer	iced	implemented	Shared command owner, native Tracer Tab and actual decision-tree capture; receipt validation determines closure	rules-tracer-drawer-standard	rules-tracer-drawer-compact
rules-tracer-drawer	bevy	implemented	Shared command owner, native Tracer Tab and actual decision-tree capture; receipt validation determines closure	rules-tracer-drawer-standard	rules-tracer-drawer-compact
rules-override-editor	iced	implemented	Typed source-bound override editor and independent confirmation; receipts determine closure	rules-override-editor-standard	rules-override-editor-compact
rules-override-editor	bevy	implemented	Typed source-bound override editor and independent confirmation; receipts determine closure	rules-override-editor-standard	rules-override-editor-compact
rules-provider-refresh-error	iced	implemented	Shared rule provider refresh error handling, local cache fallback, unpack and retry	rules-provider-refresh-error-standard	rules-provider-refresh-error-compact
rules-provider-refresh-error	bevy	implemented	Shared rule provider refresh error handling, local cache fallback, unpack and retry	rules-provider-refresh-error-standard	rules-provider-refresh-error-compact
dns-leak-alert	iced	implemented	Actual isolated echo commands and independent reader tested; fresh L3 required	dns-leak-alert-standard	dns-leak-alert-compact
dns-leak-alert	bevy	implemented	Actual isolated echo commands and independent reader tested; fresh L3 required	dns-leak-alert-standard	dns-leak-alert-compact
dns-query-details	iced	implemented	Complete shared query and native modal behavior tested; fresh L3 required	dns-query-details-standard	dns-query-details-compact
dns-query-details	bevy	implemented	Complete shared query and native modal behavior tested; fresh L3 required	dns-query-details-standard	dns-query-details-compact
dns-fake-ip-flush-confirm	iced	implemented	Shared cache owner and full native confirmation/result flow behavior tested; fresh L3 required	dns-fake-ip-flush-confirm-standard	dns-fake-ip-flush-confirm-compact
dns-fake-ip-flush-confirm	bevy	implemented	Shared cache owner and full native confirmation/result flow behavior tested; fresh L3 required	dns-fake-ip-flush-confirm-standard	dns-fake-ip-flush-confirm-compact
dns-hosts-editor	iced	implemented	Actual shared profile owner and full native editor behavior verified; fresh L3 required	dns-hosts-editor-standard	dns-hosts-editor-compact
dns-hosts-editor	bevy	implemented	Actual shared profile owner and full native editor behavior verified; fresh L3 required	dns-hosts-editor-standard	dns-hosts-editor-compact
connections-details-drawer	iced	implemented	Shared facts and production lifecycle verified; fresh L3 receipts required per build	connections-details-drawer-standard	connections-details-drawer-compact
connections-details-drawer	bevy	implemented	Shared facts and production lifecycle verified; fresh L3 receipts required per build	connections-details-drawer-standard	connections-details-drawer-compact
connections-close-all-confirm	iced	implemented	Cancellable production modal implemented; fresh L3 receipts required per build	connections-close-all-confirm-standard	connections-close-all-confirm-compact
connections-close-all-confirm	bevy	implemented	Cancellable production modal implemented; fresh L3 receipts required per build	connections-close-all-confirm-standard	connections-close-all-confirm-compact
connections-search-highlight	iced	implemented	Shared cached search runs, native clear/empty/refresh/locale behavior; fresh L3 receipts required per build	connections-search-highlight-standard	connections-search-highlight-compact
connections-search-highlight	bevy	implemented	Shared cached search runs, native clear/empty/refresh/locale behavior; fresh L3 receipts required per build	connections-search-highlight-standard	connections-search-highlight-compact
connections-grouping	iced	implemented	Shared complete grouping and native query/refresh lifecycle; fresh L3 receipts required per build	connections-grouping-standard	connections-grouping-compact
connections-grouping	bevy	implemented	Shared complete grouping and native query/refresh lifecycle; fresh L3 receipts required per build	connections-grouping-standard	connections-grouping-compact
logs-search-highlight	iced	implemented	Application-owned bounded logs, actual scoped stream failures and native regex spans; fresh L3 per build required	logs-search-highlight-standard	logs-search-highlight-compact
logs-search-highlight	bevy	implemented	Application-owned bounded logs, actual scoped stream failures and native regex spans; fresh L3 per build required	logs-search-highlight-standard	logs-search-highlight-compact
sync-conflict-resolver	iced	implemented	Shared WebDAV sync conflict resolution, three-way merge review, diff inspector and commit	sync-conflict-resolver-standard	sync-conflict-resolver-compact
sync-conflict-resolver	bevy	implemented	Shared WebDAV sync conflict resolution, three-way merge review, diff inspector and commit	sync-conflict-resolver-standard	sync-conflict-resolver-compact
sync-restore-confirm	iced	implemented	Shared remote backup restore confirmation, local overwrite safeguard and recovery transaction	sync-restore-confirm-standard	sync-restore-confirm-compact
sync-restore-confirm	bevy	implemented	Shared remote backup restore confirmation, local overwrite safeguard and recovery transaction	sync-restore-confirm-standard	sync-restore-confirm-compact
doctor-failure-recovery	iced	implemented	Real shared reports and correlated native repair/retry tested; fresh L3 still required	doctor-failure-recovery-standard	doctor-failure-recovery-compact
doctor-failure-recovery	bevy	implemented	Real shared reports and correlated native repair/retry tested; fresh L3 still required	doctor-failure-recovery-standard	doctor-failure-recovery-compact
shell-command-palette	iced	implemented	Shared facts and production lifecycle verified; fresh L3 receipts required per build	shell-command-palette-standard	shell-command-palette-compact
shell-command-palette	bevy	implemented	Shared facts and production lifecycle verified; fresh L3 receipts required per build	shell-command-palette-standard	shell-command-palette-compact
shell-keyboard-focus	iced	implemented	Shared keyboard focus cycle, command palette navigation, shortcut bindings and focus trap	shell-keyboard-focus-standard	shell-keyboard-focus-compact
shell-keyboard-focus	bevy	implemented	Shared keyboard focus cycle, command palette navigation, shortcut bindings and focus trap	shell-keyboard-focus-standard	shell-keyboard-focus-compact
proxies-probe-settings	iced	implemented	Native parameter modal and durable shared settings commands; fresh L1/L2/L3 closure required	proxies-probe-settings-standard	proxies-probe-settings-compact
proxies-probe-settings	bevy	implemented	Native parameter modal and durable shared settings commands; fresh L1/L2/L3 closure required	proxies-probe-settings-standard	proxies-probe-settings-compact
settings-language-choice	iced	implemented	Native durable language save, correlated failure retry and preserved live input state; fresh L1/L2/L3 acceptance required	settings-language-choice-standard	settings-language-choice-compact
settings-language-choice	bevy	implemented	Native durable language save, correlated failure retry and preserved live input state; fresh L1/L2/L3 acceptance required	settings-language-choice-standard	settings-language-choice-compact
app-routing-policy-editor	iced	implemented	Shared per-app split tunneling policy, process rule editor and platform capability handling	app-routing-policy-editor-standard	app-routing-policy-editor-compact
app-routing-policy-editor	bevy	implemented	Shared per-app split tunneling policy, process rule editor and platform capability handling	app-routing-policy-editor-standard	app-routing-policy-editor-compact
rules-list-editor	iced	implemented	Complete staged list, source-fenced commit and actual permission failure surface; fresh pixel receipts determine closure	rules-list-editor-standard	rules-list-editor-compact
rules-list-editor	bevy	implemented	Complete staged list, native SDK/keyboard/IME and actual permission failure surface; fresh pixel receipts determine closure	rules-list-editor-standard	rules-list-editor-compact
shell-proxy-mode-control	iced	implemented	Correlated native mode change, retained failure/retry/dismiss and real controller verification; fresh L1/L2/L3 required	shell-proxy-mode-control-standard	shell-proxy-mode-control-compact
shell-proxy-mode-control	bevy	implemented	Correlated native mode change, retained failure/retry/dismiss and real controller verification; fresh L1/L2/L3 required	shell-proxy-mode-control-standard	shell-proxy-mode-control-compact
shell-proxy-mode-authentication	iced	implemented	Actual denied mode command retains authentication reason, disables retry and exposes native controller settings guidance; fresh L1/L2/L3 required	shell-proxy-mode-authentication-standard	shell-proxy-mode-authentication-compact
shell-proxy-mode-authentication	bevy	implemented	Actual denied mode command retains authentication reason, disables retry and exposes native controller settings guidance; fresh L1/L2/L3 required	shell-proxy-mode-authentication-standard	shell-proxy-mode-authentication-compact
logs-scroll-lock	iced	implemented	Shared viewport policy and actual native scroll/lock/resume; fresh pixels required	logs-scroll-lock-standard	logs-scroll-lock-compact
logs-scroll-lock	bevy	implemented	Shared viewport policy and actual native scroll/lock/resume; fresh pixels required	logs-scroll-lock-standard	logs-scroll-lock-compact
logs-redacted-export	iced	implemented	Actual native confirmation, cancel, pending and recovery execute shared Core commands; fresh pixels required	logs-redacted-export-standard	logs-redacted-export-compact
logs-redacted-export	bevy	implemented	Actual native confirmation, cancel, pending and recovery execute shared Core commands; fresh pixels required	logs-redacted-export-standard	logs-redacted-export-compact
runtime-telemetry-observation	iced	implemented	Actual reader warmup, measured zero, retained failure, new session and locale behavior; fresh native pixels required	runtime-telemetry-observation-standard	runtime-telemetry-observation-compact
runtime-telemetry-observation	bevy	implemented	Actual reader warmup, measured zero, retained failure, new session and locale behavior; fresh native pixels required	runtime-telemetry-observation-standard	runtime-telemetry-observation-compact
rules-statistics-inspector	iced	implemented	Native inspector, independent cleanup review and correlated reset/readback; current pixel receipts determine closure	rules-statistics-inspector-standard	rules-statistics-inspector-compact
rules-statistics-inspector	bevy	implemented	Native inspector, independent cleanup review and correlated reset/readback; current pixel receipts determine closure	rules-statistics-inspector-standard	rules-statistics-inspector-compact
profiles-script-sandbox	iced	implemented	Shared script sandbox execution engine, multiline editing, console output and preset runs	profiles-script-sandbox-standard	profiles-script-sandbox-compact
profiles-script-sandbox	bevy	implemented	Shared script sandbox execution engine, multiline editing, console output and preset runs	profiles-script-sandbox-standard	profiles-script-sandbox-compact
profiles-script-export-review	iced	implemented	Shared script export review modal, permission retry, destination path selection and save	profiles-script-export-review-standard	profiles-script-export-review-compact
profiles-script-export-review	bevy	implemented	Shared script export review modal, permission retry, destination path selection and save	profiles-script-export-review-standard	profiles-script-export-review-compact
