script	replacement
scripts/quality/active-exit-guard.py	scripts/parity/resolve_surface_evidence.py
scripts/quality/aggregator-guard.py	scripts/parity/resolve_surface_evidence.py
scripts/quality/connections-audit-guard.py	scripts/parity/resolve_surface_evidence.py
scripts/quality/controller-auth-guard.py	scripts/parity/resolve_surface_evidence.py
scripts/quality/core-channel-guard.py	scripts/parity/resolve_surface_evidence.py
scripts/quality/core-log-level-guard.py	scripts/parity/resolve_surface_evidence.py
scripts/quality/core-resource-guard.py	scripts/parity/resolve_surface_evidence.py
scripts/quality/crash-watchdog-guard.py	scripts/parity/resolve_surface_evidence.py
scripts/quality/dns-studio-guard.py	scripts/parity/resolve_surface_evidence.py
scripts/quality/hot-reload-guard.py	scripts/parity/resolve_surface_evidence.py
scripts/quality/ipv6-routing-guard.py	scripts/parity/resolve_surface_evidence.py
scripts/quality/kernel-integrity-guard.py	scripts/parity/resolve_surface_evidence.py
scripts/quality/kernel-rollback-guard.py	scripts/parity/resolve_surface_evidence.py
scripts/quality/lan-security-guard.py	scripts/parity/resolve_surface_evidence.py
scripts/quality/lan-sharing-guard.py	scripts/parity/resolve_surface_evidence.py
scripts/quality/lifecycle-matrix-guard.py	scripts/parity/resolve_surface_evidence.py
scripts/quality/lifecycle-sync-guard.py	scripts/parity/resolve_surface_evidence.py
scripts/quality/mtu-negotiation-guard.py	scripts/parity/resolve_surface_evidence.py
scripts/quality/multimodal-shell-guard.py	scripts/parity/resolve_surface_evidence.py
scripts/quality/network-roaming-guard.py	scripts/parity/resolve_surface_evidence.py
scripts/quality/notification-timeout-guard.py	scripts/parity/resolve_surface_evidence.py
scripts/quality/offline-startup-guard.py	scripts/parity/resolve_surface_evidence.py
scripts/quality/overview-card-reorder-guard.py	scripts/parity/resolve_surface_evidence.py
scripts/quality/overview-ip-probe-guard.py	scripts/parity/resolve_surface_evidence.py
scripts/quality/overview-master-switch-guard.py	scripts/parity/resolve_surface_evidence.py
scripts/quality/overview-metrics-grid-guard.py	scripts/parity/resolve_surface_evidence.py
scripts/quality/overview-reconnect-mask-guard.py	scripts/parity/resolve_surface_evidence.py
scripts/quality/overview-regression-matrix-guard.py	scripts/parity/resolve_surface_evidence.py
scripts/quality/overview-responsive-viewport-guard.py	scripts/parity/resolve_surface_evidence.py
scripts/quality/overview-speedtest-guard.py	scripts/parity/resolve_surface_evidence.py
scripts/quality/pac-service-guard.py	scripts/parity/resolve_surface_evidence.py
scripts/quality/parity-guard.py	scripts/parity/resolve_surface_evidence.py
scripts/quality/port-conflict-guard.py	scripts/parity/resolve_surface_evidence.py
scripts/quality/privileged-network-guard.py	scripts/parity/resolve_surface_evidence.py
scripts/quality/process-exit-guard.py	scripts/parity/resolve_surface_evidence.py
scripts/quality/protocol-ecosystem-guard.py	scripts/parity/resolve_surface_evidence.py
scripts/quality/proxies-compact-view-guard.py	scripts/parity/resolve_surface_evidence.py
scripts/quality/proxies-favorite-pin-guard.py	scripts/parity/resolve_surface_evidence.py
scripts/quality/proxies-filter-alive-guard.py	scripts/parity/resolve_surface_evidence.py
scripts/quality/proxies-five-group-guard.py	scripts/parity/resolve_surface_evidence.py
scripts/quality/proxies-fuzzy-filter-guard.py	scripts/parity/resolve_surface_evidence.py
scripts/quality/proxies-group-collapse-guard.py	scripts/parity/resolve_surface_evidence.py
scripts/quality/proxies-group-reorder-guard.py	scripts/parity/resolve_surface_evidence.py
scripts/quality/proxies-latency-colors-guard.py	scripts/parity/resolve_surface_evidence.py
scripts/quality/proxies-node-detail-drawer-guard.py	scripts/parity/resolve_surface_evidence.py
scripts/quality/proxies-node-selection-guard.py	scripts/parity/resolve_surface_evidence.py
scripts/quality/proxies-protocol-chips-guard.py	scripts/parity/resolve_surface_evidence.py
scripts/quality/proxies-regression-matrix-guard.py	scripts/parity/resolve_surface_evidence.py
scripts/quality/proxies-skeleton-pulse-guard.py	scripts/parity/resolve_surface_evidence.py
scripts/quality/proxies-sorting-guard.py	scripts/parity/resolve_surface_evidence.py
scripts/quality/proxies-sparkline-guard.py	scripts/parity/resolve_surface_evidence.py
scripts/quality/proxy-mode-segment-guard.py	scripts/parity/resolve_surface_evidence.py
scripts/quality/responsive-parity-guard.py	scripts/parity/resolve_surface_evidence.py
scripts/quality/rule-hit-audit-guard.py	scripts/parity/resolve_surface_evidence.py
scripts/quality/rule-tracer-override-guard.py	scripts/parity/resolve_surface_evidence.py
scripts/quality/rule-tracer-sandbox-guard.py	scripts/parity/resolve_surface_evidence.py
scripts/quality/rules-engine-guard.py	scripts/parity/resolve_surface_evidence.py
scripts/quality/scripting-sandbox-guard.py	scripts/parity/resolve_surface_evidence.py
scripts/quality/service-mode-guard.py	scripts/parity/resolve_surface_evidence.py
scripts/quality/session-guard.py	scripts/parity/resolve_surface_evidence.py
scripts/quality/speedtest-config-guard.py	scripts/parity/resolve_surface_evidence.py
scripts/quality/speedtest-final-guard.py	scripts/parity/resolve_surface_evidence.py
scripts/quality/speedtest-history-guard.py	scripts/parity/resolve_surface_evidence.py
scripts/quality/speedtest-parity-guard.py	scripts/parity/resolve_surface_evidence.py
scripts/quality/subscription-lifecycle-guard.py	scripts/parity/resolve_surface_evidence.py
scripts/quality/subscription-quota-guard.py	scripts/parity/resolve_surface_evidence.py
scripts/quality/system-proxy-guard.py	scripts/parity/resolve_surface_evidence.py
scripts/quality/system-proxy-recovery-guard.py	scripts/parity/resolve_surface_evidence.py
scripts/quality/system-proxy-watchdog-guard.py	scripts/parity/resolve_surface_evidence.py
scripts/quality/system-toggle-guard.py	scripts/parity/resolve_surface_evidence.py
scripts/quality/traffic-scale-guard.py	scripts/parity/resolve_surface_evidence.py
scripts/quality/traffic-topology-guard.py	scripts/parity/resolve_surface_evidence.py
scripts/quality/traffic-topology-navigation-guard.py	scripts/parity/resolve_surface_evidence.py
scripts/quality/traffic-waveform-guard.py	scripts/parity/resolve_surface_evidence.py
scripts/quality/tun-routing-guard.py	scripts/parity/resolve_surface_evidence.py
scripts/quality/tun-stack-guard.py	scripts/parity/resolve_surface_evidence.py
scripts/quality/uwp-loopback-guard.py	scripts/parity/resolve_surface_evidence.py
scripts/quality/vpn-service-guard.py	scripts/parity/resolve_surface_evidence.py
scripts/quality/yaml-diff-guard.py	scripts/parity/resolve_surface_evidence.py
