name	page	skin	window_size
overview-light	overview	light	1180x760
overview-dark	overview	dark	1180x760
overview-live	overview	dark	1180x760
overview-mobile-portrait-dark	overview	dark	390x800
overview-mobile-portrait-light	overview	light	390x800
overview-tablet-landscape	overview	dark	1024x768
overview-mobile-landscape	overview	dark	844x390
proxies-dark	proxies	dark	1180x760
proxies-light	proxies	light	1180x760
profiles-dark	profiles	dark	1180x760
profiles-light	profiles	light	1180x760
rules-dark	rules	dark	1180x760
rules-light	rules	light	1180x760
connections-dark	connections	dark	1180x760
connections-light	connections	light	1180x760
logs-dark	logs	dark	1180x760
logs-light	logs	light	1180x760
dns-dark	dns	dark	1180x760
dns-light	dns	light	1180x760
doctor-dark	doctor	dark	1180x760
doctor-light	doctor	light	1180x760
app-routing-dark	app_routing	dark	1180x760
app-routing-light	app_routing	light	1180x760
sync-dark	sync	dark	1180x760
sync-light	sync	light	1180x760
settings-dark	settings	dark	1180x760
settings-light	settings	light	1180x760
connections-close-all-confirm-standard	connections	dark	1180x780
connections-close-all-confirm-compact	connections	dark	720x480
speedtest-details-modal-standard	overview	dark	1180x780
speedtest-details-modal-compact	overview	dark	720x480
connections-details-drawer-standard	connections	dark	1180x780
connections-details-drawer-compact	connections	dark	720x480
shell-command-palette-standard	overview	dark	1180x780
shell-command-palette-compact	overview	dark	720x480
proxies-custom-node-modal-standard	proxies	dark	1180x780
proxies-custom-node-modal-compact	proxies	dark	720x480
proxies-uri-import-preview-standard	proxies	dark	1180x780
proxies-uri-import-preview-compact	proxies	dark	720x480
proxies-group-expanded-standard	proxies	dark	1180x780
proxies-group-expanded-compact	proxies	dark	720x480
proxies-node-detail-drawer-standard	proxies	dark	1180x780
proxies-node-detail-drawer-compact	proxies	dark	720x480
proxies-search-highlight-standard	proxies	dark	1180x780
proxies-search-highlight-compact	proxies	dark	720x480
proxies-probe-settings-standard	proxies	dark	1180x780
proxies-probe-settings-compact	proxies	dark	720x480
proxies-group-reorder-standard	proxies	dark	1180x780
proxies-group-reorder-compact	proxies	dark	720x480
settings-language-choice-standard	settings	dark	1180x780
settings-language-choice-compact	settings	dark	720x480
doctor-failure-recovery-standard	doctor	dark	1180x780
doctor-failure-recovery-compact	doctor	dark	720x480
dns-leak-alert-standard	dns	dark	1180x780
dns-leak-alert-compact	dns	dark	720x480
dns-hosts-editor-standard	dns	dark	1180x780
dns-hosts-editor-compact	dns	dark	720x480
dns-fake-ip-flush-confirm-standard	dns	dark	1180x780
dns-fake-ip-flush-confirm-compact	dns	dark	720x480
dns-query-details-standard	dns	dark	1180x780
dns-query-details-compact	dns	dark	720x480
shell-proxy-mode-control-standard	overview	dark	1180x780
shell-proxy-mode-control-compact	overview	dark	720x480
shell-proxy-mode-authentication-standard	overview	dark	1180x780
shell-proxy-mode-authentication-compact	overview	dark	720x480
profiles-filter-editor-standard	profiles	dark	1180x780
profiles-filter-editor-compact	profiles	dark	720x480
connections-grouping-standard	connections	dark	1180x780
connections-grouping-compact	connections	dark	720x480
connections-search-highlight-standard	connections	dark	1180x780
connections-search-highlight-compact	connections	dark	720x480
logs-search-highlight-standard	logs	dark	1180x780
logs-search-highlight-compact	logs	dark	720x480
logs-scroll-lock-standard	logs	dark	1180x780
logs-scroll-lock-compact	logs	dark	720x480
logs-redacted-export-standard	logs	dark	1180x780
logs-redacted-export-compact	logs	dark	720x480
runtime-telemetry-observation-standard	overview	dark	1180x780
runtime-telemetry-observation-compact	overview	dark	720x480
profiles-snapshot-restore-confirm-standard	profiles	dark	1180x780
profiles-snapshot-restore-confirm-compact	profiles	dark	720x480
